{"data_time": 0.394137765004416, "fast_rcnn/cls_accuracy": 0.119140625, "fast_rcnn/false_negative": 0.06341463414634146, "fast_rcnn/fg_cls_accuracy": 0.1073170731707317, "iteration": 0, "loss_box_reg": 0.6890369653701782, "loss_cls": 1.434578537940979, "loss_mask": 0.6913454532623291, "loss_rpn_cls": 0.036415889859199524, "loss_rpn_loc": 0.022580139338970184, "lr": 1e-06, "mask_rcnn/accuracy": 0.6190579890492782, "mask_rcnn/false_negative": 0.42287634611039987, "mask_rcnn/false_positive": 0.2991851416825723, "roi_head/num_bg_samples": 102.375, "roi_head/num_fg_samples": 25.625, "rpn/num_neg_anchors": 179.5, "rpn/num_pos_anchors": 16.125, "total_loss": 2.873956985771656}
{"data_time": 0.4029366239992669, "fast_rcnn/cls_accuracy": 0.134765625, "fast_rcnn/false_negative": 0.009009009009009009, "fast_rcnn/fg_cls_accuracy": 0.6126126126126126, "iteration": 0, "loss_box_reg": 0.6867413520812988, "loss_cls": 1.5432782173156738, "loss_mask": 0.6913120150566101, "loss_rpn_cls": 0.3078082799911499, "loss_rpn_loc": 0.19311316311359406, "lr": 1e-06, "mask_rcnn/accuracy": 0.6215526751241036, "mask_rcnn/false_negative": 0.24327909094508454, "mask_rcnn/false_positive": 0.5654615173924952, "roi_head/num_bg_samples": 50.125, "roi_head/num_fg_samples": 13.875, "rpn/num_neg_anchors": 100.75, "rpn/num_pos_anchors": 56.0, "total_loss": 3.4222530275583267}
{"data_time": 0.4015161599999715, "fast_rcnn/cls_accuracy": 0.01953125, "fast_rcnn/false_negative": 0.008547008547008548, "fast_rcnn/fg_cls_accuracy": 0.08547008547008547, "iteration": 0, "loss_box_reg": 0.7657164335250854, "loss_cls": 1.6920074224472046, "loss_mask": 0.6965169906616211, "loss_rpn_cls": 0.0276962798088789, "loss_rpn_loc": 0.03105204924941063, "lr": 1e-06, "mask_rcnn/accuracy": 0.32258416186987615, "mask_rcnn/false_negative": 0.9147649320786072, "mask_rcnn/false_positive": 0.37016284363509017, "roi_head/num_bg_samples": 49.375, "roi_head/num_fg_samples": 14.625, "rpn/num_neg_anchors": 179.875, "rpn/num_pos_anchors": 15.625, "total_loss": 3.2129891756922007}
