{"data_time": 0.10583793400019204, "fast_rcnn/cls_accuracy": 0.4375, "fast_rcnn/false_negative": 0.3125, "fast_rcnn/fg_cls_accuracy": 0.015625, "iteration": 0, "loss_box_reg": 0.9474226236343384, "loss_cls": 1.343295693397522, "loss_mask": 0.6863663792610168, "loss_rpn_cls": 0.13236510753631592, "loss_rpn_loc": 0.04725421965122223, "lr": 2.5e-07, "mask_rcnn/accuracy": 0.6833147321428572, "mask_rcnn/false_negative": 0.00016660557795474993, "mask_rcnn/false_positive": 0.7877510538060997, "roi_head/num_bg_samples": 96.0, "roi_head/num_fg_samples": 32.0, "rpn/num_neg_anchors": 120.0, "rpn/num_pos_anchors": 26.0, "total_loss": 3.1567040234804153}
{"data_time": 0.10436142400021708, "fast_rcnn/cls_accuracy": 0.28125, "fast_rcnn/false_negative": 0.2558139534883721, "fast_rcnn/fg_cls_accuracy": 0.4186046511627907, "iteration": 0, "loss_box_reg": 0.33452484011650085, "loss_cls": 1.378685712814331, "loss_mask": 0.6918891668319702, "loss_rpn_cls": 0.49946579337120056, "loss_rpn_loc": 0.048008665442466736, "lr": 2.5e-07, "mask_rcnn/accuracy": 0.6705030849549122, "mask_rcnn/false_negative": 0.05558798437429841, "mask_rcnn/false_positive": 0.8626868280744691, "roi_head/num_bg_samples": 106.5, "roi_head/num_fg_samples": 21.5, "rpn/num_neg_anchors": 126.5, "rpn/num_pos_anchors": 32.0, "total_loss": 2.9525741785764694}
